-0,0
-0,0
-0,0
-0,0
-0,0
-0,0
-0,0
-0,0
-0,0
-0,0
-0,0
-0,0
-0,0
-0,0
-0,0
-0,0
-0,0
-0,0
-0,0
-0,0
-0,0
-0,0
-0,0
-0,0
-0,0
-0,0
-0,0
-0,0
-0,0
-0,0
-0,0
-0,0
-0,0
-0,0
-0,0
-0,0
-0,0
-0,0
-0,0
-0,0
-0,0
-0,0
-0,0
-0,0
-0,0
-0,0
-0,0
-0,0
-0,0
-0,0
-0,0
-0,0
-0,0
-0,0
-0,0
-0,0
-0,0
-0,0
-0,0
-0,0
-0,0
-0,0
-0,0
-0,0
-0,0
-0,0
-0,0
-0,0
-0,0
-0,0
-0,0
-0,0
-0,0
-0,0
-0,0
-0,0
-0,0
-0,0
-0,0
-0,0
-0,0
-0,0
-0,0
-0,0
-0,0
-0,0
-0,0
-0,0
-0.000673639725,0
-0.00262646893,0
-0.00575611223,0
-0.00996023798,0
-0.0151365145,0
-0.0211826102,0
-0.0279961933,0
-0.0354749322,0
-0.0435164952,0
-0.0520185508,0
-0.0608787671,0
-0.0699948126,0
-0.0792643556,0
-0.0885850644,0
-0.0978546074,0
-0.106970653,0
-0.115830869,0
-0.124332925,0
-0.132374488,0
-0.139853227,0
-0.14666681,0
-0.152712905,0
-0.157889182,0
-0.162093308,0
-0.165222951,0
-0.16717578,0
-0.167849464,0
-0.167849464,0
-0.167849464,0
-0.167849464,0
-0.167849464,0
-0.167849464,0
-0.167849464,0
-0.167849464,0
-0.167849464,0
-0.167849464,0
-0.167849464,0
-0.167849464,0
-0.167849464,0
-0.167849464,0
-0.167849464,0
-0.167849464,0
-0.167849464,0
-0.167849464,0
-0.167849464,0
-0.167849464,0
-0.167849464,0
-0.167849464,0
-0.167573228,0
-0.166755461,0
-0.165412572,0
-0.163560971,0
-0.16121707,0
-0.158397276,0
-0.155118002,0
-0.151395656,0
-0.147246649,0
-0.142687391,0
-0.137734292,0
-0.132403762,0
-0.12671221,0
-0.120676048,0
-0.114311684,0
-0.10763553,0
-0.100663995,0
-0.0934134893,0
-0.0859004227,0
-0.0781412053,0
-0.0701522473,0
-0.0619499587,0
-0.0535507495,0
-0.0449710298,0
-0.0362272096,0
-0.027335699,0
-0.018312908,0
-0.00917524671,0
6.08748907e-05,0
0.00937904673,0
0.0187628587,0
0.0281959009,0
0.0376617632,0
0.0471440355,0
0.0566263078,0
0.06609217,0
0.0755252122,0
0.0849090242,0
0.0942271961,0
0.103463318,0
0.112600979,0
0.12162377,0
0.130515281,0
0.139259101,0
0.14783882,0
0.15623803,0
0.164440318,0
0.172429276,0
0.180188494,0
0.18770156,0
0.194952066,0
0.201923601,0
0.208599755,0
0.214964119,0
0.221000281,0
0.226691833,0
0.232022363,0
0.236975462,0
0.24153472,0
0.245683727,0
0.249406073,0
0.252685347,0
0.255505141,0
0.255505141,0
0.257849042,0
0.259700643,0
0.261043531,0
0.261861299,0
0.262137535,0
0.261844392,0
0.260976927,0
0.25955309,0
0.257590826,0
0.255108084,0
0.252122811,0
0.248652955,0
0.244716462,0
0.240331282,0
0.235515361,0
0.230286646,0
0.224663085,0
0.218662627,0
0.212303218,0
0.205602805,0
0.198579337,0
0.191250761,0
0.183635025,0
0.175750075,0
0.16761386,0
0.159244327,0
0.150659424,0
0.141877098,0
0.132915296,0
0.123791967,0
0.114525057,0
0.105132515,0
0.0956322874,0
0.0860423222,0
0.0763805669,0
0.066664969,0
0.056913476,0
0.0471440355,0
0.037374595,0
0.027623102,0
0.017907504,0
0.00824574872,0
-0.00134421647,0
-0.010844444,0
-0.0202369863,0
-0.0295038959,0
-0.0386272253,0
-0.0475890268,0
-0.056371353,0
-0.0649562563,0
-0.0733257893,0
-0.0814620043,0
-0.0893469538,0
-0.0969626904,0
-0.104291266,0
-0.111314734,0
-0.118015147,0
-0.124374556,0
-0.130375015,0
-0.135998575,0
-0.14122729,0
-0.146043211,0
-0.150428392,0
-0.154364884,0
-0.15783474,0
-0.160820013,0
-0.163302755,0
-0.165265019,0
-0.166688857,0
-0.167556321,0
-0.167849464,0
-0.167849464,0
-0.167849464,0
-0.167849464,0
-0.167849464,0
-0.167849464,0
-0.167849464,0
-0.167849464,0
-0.167849464,0
-0.167849464,0
-0.167849464,0
-0.167065271,0
-0.164798631,0
-0.161178453,0
-0.156333645,0
-0.150393115,0
-0.143485772,0
-0.135740524,0
-0.12728628,0
-0.118251948,0
-0.108766437,0
-0.0989586547,0
-0.0889575096,0
-0.0788919103,0
-0.0688907653,0
-0.0590829829,0
-0.0495974715,0
-0.0405631396,0
-0.0321088957,0
-0.024363648,0
-0.0174563051,0
-0.0115157753,0
-0.00667096711,0
-0.00305078893,0
-0.000784149187,0
-0,0
-0,0
-0,0
-0,0
-0,0
-0,0
-0,0
-0,0
-0,0
-0,0
-0,0
-0,0
-0,0
-0,0
-0,0
-0,0
-0,0
-0,0
-0,0
-0,0
-0,0
-0,0
-0,0
-0,0
-0,0
-0,0
-0,0
-0,0
-0,0
-0,0
-0,0
-0,0
-0,0
-0,0
-0,0
-0,0
-0,0
-0,0
-0,0
-0,0
-0,0
-0,0
-0,0
-0,0
-0,0
-0,0
-0,0
-0,0
-0,0
-0,0
-0,0
-0,0
-0,0
-0,0
-0,0
-0,0
-0,0
-0,0
-0,0
-0,0
-0,0
-0,0
-0,0
-0,0
-0,0
-0,0
-0,0
-0,0
-0,0
-0,0
-0,0
-0,0
-0,0
-0,0
-0,0
-0,0
-0,0
-0,0
-0,0
-0,0
-0,0
-0,0
-0,0
-0,0
-0,0
0,0
0,0
0,0
0,0
0,0
0,0
0,0
0,0
0,0
